,text,score
0,"התחלנו, בוקר טוב - - -
",0
1,"אפשר לקרוא את החומר, אני לא הספקתי לקרוא. 
",0
2,"אז בבקשה, יש לכם את החומרים וגם שלחתי לכם את זה. 
",0
3,"יש לנו עכשיו, את תתני לנו לקרוא?
",1
4,"בטח, בטח, בבקשה, תוכלו לקרוא - - -
",0
5,"אין לנו שום חומר לפנינו.
",1
6,"אז את יכולה לתת לנו כמה דקות לקרוא את החומר?
",0
7,"אנחנו נתחיל - - -
",0
8,"עידית, איפה החבר'ה שלכם, למה לא באו בזמן?
",0
9,"אני לא גננת, אני בכנסת ואני מתחילה דיון. הדיון יתחיל בשעה 08:30 עם מי שנמצא כאן. גם אם הייתם משאירים אותי לבד, הייתי דנה בסעיפים והייתם מצביעים עליהם. 
",1
10,"לא יהיה שום מחטף של אף חקיקה, הבטחתי זאת אתמול ואני עומדת במילתי. כנסת ישראל תתנהל בצורה מסודרת, בצורה שקופה לציבור. הכול בסדר, תנוח דעתכם, בחיים לא יקרו כאן מחטפים. אנחנו נעשה את הכול לפי מה שהבטחתי אתמול. 
",0
11,"עידית, אין מישהו אחד בוועדה שחושב שאת תעשי מחטפים. 
",0
12,"עידית, לגבי מחטפים תדברי גם על העתיד ולא רק על העבר. 
",1
13,"- - - לפני שאתם נותנים לעצמכם קומפלימנטים, זה לא מגיע לכם. 
",1
14,"אני מדברת גם על העבר, זו מדינה דמוקרטית. 
",0
15,"לגבי העבר את לא יכולה לדבר על מחטפים. 
",0
16,"לא נכון. 
",1
17,"זה ועוד-איך נכון. 
",1
18,"אופיר, זו מדינה דמוקרטית. 
",0
19,"את המחטף הכי גדול עשיתם. 
",1
20,"אנשים פה, ממש לא - - -
",1
21,"כל הממשלה הזאת זה מחטף. 
",1
22,"יש מעט שמכיל את המרובה והכול בסדר. 
",0
23,"עידית, ""מחטף"" זה רק להצביע? זה שלא הצבעתם זה מחטף. 
",0
24,"לא, ממש לא, ממש לא, זה לעשות דיון ולכן - - -
",1
25,"את לא מבינה את זה, גם - - - זה מחטף
",1
26,"ולכן - - - חבר הכנסת דוד ביטן - - -
",0
27,"אם לא היה לכם רוב - - - אז לא הצבעתם - - -
",0
28,"חבר הכנסת דוד ביטן, לכן עשינו דיון. 
",0
29,"זה לא מחטף? אז מה זה מחטף?
",0
30,"לא, זה לא עניין של רוב, זה כדי לעשות את הדיון, דיון צריך לעשות, היום אנחנו יכולים להצביע על החקיקה הזאת גם בלי דיון - - 
",0
31,"מביאים אותנו במיוחד, ראו שאין להם רוב - -
",0
32,"- - כי עשינו את הדיון אתמול. 
",0
33,"- - ולא הצביעו, זה לא מחטף? זה גם מחטף, סוג של מחטף. 
",1
34,"היום יום שני , י""ח בתמוז תשפ""א, ה-28 ביולי 2021 למניינם. 
",0
35,"אני מציע שלא תתנו לעצמכם קומפלימנטים. 
",1
36,"ודאי לא בנושאי מחטפים.
",0
37,"הדיון מתחיל, ישיבה מספר 15. על סדר היום - - -
",0
38,"אפשר להגיש הצעה לסדר?
",0
39,"לא, אנחנו לא עושים הצעה לסדר. יש הרבה סעיפים ולכן כל אחד יכול לדבר - - -
",0
40,"אם היה רק סעיף אחד אז היה אפשר? 
",0
41,"על כל סעיף כל אחד ואחד יוכל לדבר. 
",0
42,"את יכולה להצביע על סעיף א? 
",0
43,"אנחנו עכשיו מתחילים - - - לא, אנחנו לא נצביע. 
",1
44,"לא מצביעים עכשיו, למה? 
",0
45,"כי לא עושים מחטפים, לא מצביעים כי לא עושים מחטפים. 
",0
46,"כי אנחנו לא עושים מחטפים. לא, אנחנו נתחיל בסעיף שאני אראה לנכון להתחיל בו. 
",0
47,"אה, כאילו רק את יכולה לפי הנוחות שלך?
",1
48,"עשינו את הדיון אתמול - - -
",0
49,"אבל לפני דקה הסברת שהסתיים הדיון. 
",1
50,"אתם לא מנהלים את הוועדה, אני מנהלת את הוועדה. 
",1
51,"אני רואה: ""סעיף א, הסמכת ועדה לדיון בהצעת הממשלה להאריך אה תוקפו של חוק האזרחות והכניסה לישראל (הוראת שעה), התשס""ג– 2003"".
",0
52,"מי בעד?
",0
53,"נכון, וכשאני ארצה להביע עליו אני - - -
",1
54,"- - - וסעי למסיבה, סעי למסיבה של הילד. 
",1
55,"""סעיף ב: בקשת הממשלה להקדמת הדיון בהצעות החוק הבאות, לפני הקריאה הראשונה: - - -
",0
56,"למה אתה צועק?
",0
57,"את מביאה אותנו ב-20:30 - - -
",1
58,"אבל למה אתה צועק? בוקר טוב, חבר הכנסת אוסמה סעדי.
",0
59,"- - - אין לך רוב - - -
",0
60,"לא אמרתי שנעלה את זה, ממש לא, לא אמור להיות לי רוב. חוק האזרחות, תנוח דעתכם, יכול להיות שהוא לא יעלה פה לדיון. 
",0
61,"גבירתי, אני מבקש רשות דיבור. 
",0
62,"לא, אתם לא תבקשו רשות, ברגע - - -
",1
63,"אני מבקש, תכבדי. 
",1
64,"אתה נרשמת. 
",1
65,"לא עכשיו. הצעת-חוק יסוד: הממשלה - -
",0
66,"אם היינו תקועים בפקק? 
",0
67,"- - (תיקון מס׳ 10) (מ/1410). 
",0
68,"אם היינו תקועים בפקק.
",0
69,"ממש לא, זה לא מתוכנן. 
",1
70,"אה, לא היית מצביעה עכשיו. 
",0
71,"ממש לא. 
",1
72,"את מאמינה לעצמך? 
",1
73,"אמרנו לכם גם שזה לא יעלה בבוקר ולא יהיו מחטפים, לא הקשבתם. בועז טופורובסקי, בוקר טוב, ממלא מקום יושב-ראש הקואליציה, חבר הכנסת, אין עליך. 
",0
74,"הצעת חוק-יסוד: הממשלה (תיקון מס׳ 10) (מ/1410). ינמק, נציג משרד המשפטים, עורך הדין יעקב פרידברג. הוא כאן איתנו? עוד לא הגיע. הצעת חוק הביטוח הלאומי - - -
",0
75,"איזה סעיף?
",0
76,"תקשיבו רגע, רצינו להתחיל עם הסעיף הראשון של חוק-יסוד: הממשלה, אבל עורך הדין יעקב פרידברג לא נמצא כאן. 
",0
77,"כולנו הגענו לכאן ואנחנו מחכים למר יעקב? 
",1
78,"מה עם סעיף א?
",0
79,"הוא יעלה כשיהיה רצון להעלות אותו, כרגע הוא לא על סדר היום. הצעת חוק לתיקון פקודת התעבורה (מס׳ 120) (תיקון מס׳ 2), התשפ״א–2021 (מ/1415). מדובר בסעיף 8, אנחנו הולכים לפי נציגי המשרדים שנמצאים כאן. עורכת הדין חווה ראובני, בבקשה. 
",0
80,"תודה רבה לגברת ראובני שבאה בזמן.
",0
81,"למה אנשי הממשלה לא הגיעו בזמן? 
",1
82,"רגע, הפסקה, טלפון .
",0
83,"אלקין נותן הוראות. 
",0
84,"תמסרי לזאב בוקר טוב. 
",0
85,"אוקיי, חבר'ה, באים עוד יומיים. 
",0
86,"אני לא מאמינה, אני לא מאמינה, זה מה שאתה רוצה עכשיו להגיד לי? אני לא מאמינה, אני לא מאמינה. 
",1
87,"זאב, לא עושים את זה. 
",0
88,"תנו לה לדבר בבקשה, אני אוציא לסדר היום, חבל על הזמן. 
",1
89,"אל תאיימי, אפשר להגביר את המזגן?
",1
90,"עורכת הדין ראובני, בבקשה. 
",0
91,"בוקר טוב. 
",0
92,"אל תפריעו לה, תאכלו ותשתו, אל תפריעו לה. 
",0
93,"מותר לאכול?
",0
94,"כן. 
",0
95,"בוקר טוב, פקודת התעבורה פקודת התעבורה (מס׳ 120) (תיקון מס׳ 2), התשפ״א–2021 (מ/1415). 
",0
96,"רגע, איפה זה?
",0
97,"חברים, אל תפריעו, אל תעצרו אותה. מי שלא מחזיק ראש, תחפשו את זה בחומר, זה בעמוד השני. מדובר בסעיף 8 על סדר היום. 
",0
98,"אמרת להיות ב-08.30. 
",0
99,"שקט, די, חבר הכנסת יעקב אשר, תכבד. 
",1
100,"אה, שאני אכבד? 
",1
101,"כן, אתה צועק, תכבד.
",1
102,"את לא נותנת לנו לדבר מילה. 
",1
103,"אתה תדבר בזמן שלך. 
",1
104,"את לא נותנת לנו הצעות לסדר, את אומרת לי לכבד.
",1
105,"אתה תדבר בזמן שלך? 
",1
106,"טלי קורה מבין עינייך, טלי קורה מבין עינייך.
",1
107,"לא, אתה תיטול קורה. 
",0
108,"גם עם חינוך , גם עם חיוך - - -
",1
109,"אתה תיתן לה לדבר. 
",1
110,"חבר הכנסת אשר, אני קוראת אותך לסדר בפעם הראשונה. 
",0
111,"יש לנו דיון ארוך, אתה - - -
",0
112,"אמרת שהתגעגעת. 
",0
113,"חווה ראובני, בבקשה. 
",0
114,"לדיון בניהול שלנו, לא בניהול הזה. 
",0
115,"אני מציע, חברי הסיעה, שנצא להתייעצות סיעתית. 
",0
116,"אם אתם רוצים לצאת להתייעצות אז אתם יכולים. 
",0
117,"במסגרת זו - - -
",0
118,"חברים, יש הבדל בין נציג משרד ממשלתי לבין פוליטיקאי. נא להתייחס בכבוד. 
",0
119,"חבר הכנסת פרוש, אתה מפריע ליועצת המשפטית, בבקשה לכבד אותה ולא להיכנס לדבריה. אני מבקשת, הדיון יתנהל בסדר מופתי היום.
",0
120,"אני מבקש לכבד את עובדי המדינה שמגיעים לכאן, אנחנו לא מכים את המקל. 
",0
121,"תודה רבה, חבר הכנסת מרגי. 
",0
122,"במסגרת תיקון 120 - - - לקווי שירות במוניות - - - אשכולות קווים בהליכים תחרותיים. 
",0
123,"תצאו בשקט, תודה. עורכת הדין, בבקשה. 
",0
124,"ארבל, אנחנו יוצאים, אין לה קוורום. 
",1
125,"קוורום צריך רק להצבעה, לא לדיון. אתם יכולים לצאת, זה בסדר. 
",0
126,"אני מבקש לשאול את נציגת משרד התחבורה מה מתגבש בעניין הטמפרטורה ברכבת כי אנחנו מאוד מוטרדים. 
",1
127,"היועצת המשפטית, בבקשה.
",0
128,"הרגתם אותנו. בתי אבות מלאים בנשים, הפנסיות שלנו אצלכן, מה עוד אתן רוצות?
",1
129,"יעקב מרגי, אני קוראת אותך לסדר בפעם הראשונה. 
",0
130,"כיוון שנקבע שיש צורך לקיים הליכים תחרותיים – תהליך שלוקח זמן – נקבע - - -
",0
131,"חבר הכנסת דוד ביטן, נקראת לסדר פעם ראשונה, תודה. 
",1
132,"אנחנו לא שומעים אותה. 
",0
133,"זו בעיה שלכם, אתם מרעישים. 
",1
134,"לא, זו בעיה שלך, זו לא בעיה שלנו. 
",1
135,"היועצת המשפטית, המשיכי. 
",0
136,"אני מנסה להסביר. 
",1
137,"את תסבירי ומי שמקשיב לך – מקשיב. אנחנו לא ניתן התייחסות נוספת. 
",0
138,"אני לא אחראית לרעשי הרקע. 
",0
139,"את לא אשמה. 
",0
140,"ברור שאת לא אשמה. 
",0
141,"העירו אותנו מוקדם היום.
",0
142,"לא נורא, תסתדר.
",1
143,"סליחה, זה נמאס, איך יכול להיות שאנחנו יושבים פה כבר שבועיים, אנחנו כל הזמן אומרים שיש בעיה עם המיקרופונים ואף אחד לא מטפל בזה. 
",1
144,"העברתי את זה הלאה וטיפלו בזה פעמיים. תראו, ברמת העיקרון שומעים את כולם ואני שומעת אותך כי אני פשוט בשקט. אתם מדברים - - -
",0
145,"את לא בשקט לשנייה, עידית. 
",1
146,"אתם מדברים אחד ליד השני אז אתם לא יכולים לשמוע אותה. תנו לה לדבר. 
",0
147,"מהתחלה בבקשה כי לא הבנו כלום.
",1
148,"אני מבקשת שקט. 
",0
149,"באיזה סעיף אנחנו?
",0
150,"אתה שואל אותי באיזה סעיף אנחנו אחרי שאתה מאחר? 
",1
151,"כן. 
",0
152,"לא, אתה תשאל את מי שיושב לצדך.
",1
153,"אל תענה, למה מי את בכלל, מי את בכלל? תעני כמו ילדה טובה. 
",1
154,"אני לא אענה לך כמו ילדה טובה. 
",1
155,"אתה לא תדבר ככה אל יושבת-ראש הוועדה. 
",1
156,"אתה מאחר לוועדה, מיקי, קראתי אותך לסדר בפעם הראשונה. אתה מאחר לוועדה, אם אתה מאחר לוועדה - - - 
",1
157,"אתה מאחר לוועדה ועוד מפריע באמצע. תתבייש, חבר הכנסת מיקי זוהר. 
",1
158,"מה היא נותנת לו ציונים.
",1
159,"הוא לא יקרא לה: ""ילדה טובה"" והוא לא יקרא לה: ""ילדה"". היא חברת כנסת ויושבת-ראש ועדה - - - 
",1
160,"זה לא ענייני, מה זה הסגנון הזה? 
",0
161,"חבר הכנסת שמחה רוטמן, אני קוראת אותך לסדר בפעם הראשונה.
",0
162,"זה בלתי-נסבל. 
",0
163,"למה - - - את לא קוראת לסדר? הוא צועק פה באמצע שמישהו מדבר. 
",1
164,"יוראי, היא לא למדה לקח מאתמול כשהיא העירה לי על האיחור. 
",0
165,"הוא לא יכנה אותה ""ילדה טובה"". 
",1
166,"בבקשה, בבקשה, אני מבקשת שקט ותתנו לה לדבר. חבר הכנסת יעקב מרגי, חבר הכנסת יעקב מרגי, נקראת לסדר כבר. 
",0
167,"- - - זה בסדר, העירו אותנו מוקדם.
",0
168,"אבל היא לא אשמה, באמת.
",0
169,"אני רגילה לקום מוקדם, אני במשרד - - -
",0
170,"זה נראה לכם הגיוני שהיא לא מצליחה לדבר? 
",1
171,"תנו לה לדבר, די. 
",1
172,"חברת הכנסת אורית סטרוק, די. 
",1
173,"אבל אנחנו מתעוררים לאופוזיציה.
",0
174,"אני חילונית גמורה אבל אנחנו בבין המצרים, היזהרו בדבריכם. 
",0
175,"תודה, חברת הכנסת גבי לסקי. 
",0
176,"אני מצטרף לדברים של חברת הכנסת גבי לסקי. 
",0
177,"עורכת הדין חוה ראובני, בבקשה. מי שיעז להפריע לה ייקרא לסדר. 
",1
178,"יוראי - - - בקשב רב. 
",0
179,"חברי הכנסת מכירים אותי שנים, אני בחיים לא ראיתי התנהלות כזאת. 
",1
180,"עורכת הדין ראובני, אני מתנצלת בשמם. 
",0
181,"בחיים לא ראינו כזאת קואליציה. 
",1
182,"אלו רק חברי האופוזיציה שמרעישים, אני מתנצלת בשמם, קבלי את התנצלותי. 
",0
183,"תתנצלי בשמך. 
",1
184,"את יכולה להתחיל מהתחלה ושנשמע אותך?
",1
185,"אנסה פעם נוספת. תיקון 120 לפקודת התעבורה נחקק ב-2018 והסדיר מחדש את ענף מוניות השירות באופן שבמקום קווים אקראיים שמופעלים כקווים בודדים על פי שיקול דעת המפעילים, בלי כללים ובלי רגולציה, יעברו וישתלבו בתוך התחבורה הציבורית עם הליכים תחרותיים, אשכולות מסודרים, רב-קו, סדר לוחות קבוע ומבנה מסודר ומאורגן של תחבורה ציבורית. יציאה להליך מכרזי זה דבר שלוקח זמן. יצאנו במכרזים לעשרה אשכולות, היו קשיים רבים מאוד גם לעשרת האשכולות הראשונים – קשיים בהצטיידות, בלימוד, מפעילי המוניות לא ממש הבינו במה זה שונה ממה שהם עשו עד אז ואז גם באה הקורונה ואין נוסעים ואין פעילות. כתוצאה מזה עצרנו את הפעלת יציאה למכרזים נוספים כדי להפיק לקחים מהמכרזים הראשונים. 
",0
186,"כשהיא תסיים את הטיפול במזגנים. 
",0
187,הצעת חוק ברוח זו כבר הוגשה בחורף שעבר אך לא הייתה אפשרות לקדמה. ,0
188,ההסדר הנוכחי פוקע בשבוע הבא ולכן אנחנו מבקשים לזרז את הדיון בהצעת החוק. ,0
189,"מדובר בשורה אחת של החלפת תאריך ה-3 בדצמבר 2020 ב-31 בדצמבר 2021. 
",0
190,"האם הקווים המדוברים פועלים גם בשבתות? 
",0
191,"אני לא יודעת לומר לגבי כל אחד מהקווים. ככלל, הם פועלים כמו שהם פעלו בעבר. 
",0
192,"מה היה בעבר?
",0
193,"יפעלו בשבתות, כן או לא? 
",0
194,"חלקם כן וחלקם לא, אני לא יודעת להגיד. 
",0
195,"את יכולה בבקשה לבדוק ולתת לנו תשובה במהלך הדיון? זה משמעותי עבורנו. 
",0
196,"אני יכולה לבדוק. חלקם הם קווים שבמגזר הערבי כמו במזרח הערבי ובגשר אלנבי. 
",0
197,"אנחנו נשמח מאוד מאוד לתשובה, בבקשה. 
",0
198,"אנחנו עוברים לדוברים. שמחה רוטמן, בבקשה. 
",0
199,"אני רוצה לשאול.
",0
200,"אתה תשאל בתורך.
",1
201,"אבל היא מציגה חוק. 
",0
202,"עכשיו אנחנו עם שמחה רוטמן. 
",0
203,"האם יש נוהל כזה להיות רשום באופן קבוע. 
",0
204,"יש שתי דקות לכל אחד. 
",0
205,"וצריך להירשם בכל פעם?
",0
206,"כן. 
",0
207,"סעיף 1 היה כבר? 
",0
208,"לא, זה לפי סדר שהיא קובעת. אני אשמח מאוד אם לא ייקטעו דבריי הפעם. אני רוצה - - -
",1
209,"רשמת את ביטן?
",0
210,"מי שרוצה שירים יד. 
",0
211,"אני - - - ניסיתי להבין, האמת היא שראיתי גם את כל הביטויים הלא - יפים שנכתבו בקבוצה של הוועדה המסדרת, גם מה שנכתב כלפי יושבת-ראש הוועדה, עידית, כל מיני ביטויים קשים.
",0
212," ראיתי גם ביטויים קשים נגד חברי ועדה מהימין, מהשמאל, מתומכי הטרור, כולם ברוך השם. ",0
213,"גם אתה הצטרפת למקהלה? 
",1
214,"חבר הכנסת אוסאמה סעדי, אל תפריע. 
",1
215,"אני לא הצטרפתי למקהלת תומכי הטרור. 
",0
216,"אל תפריעו, תנו לבן אדם לדבר.
",1
217,"כשהוא אומר ביטויים כאלו אני חייב להפריע, מה זה? 
",0
218,"סליחה, אני לא רוצה - - -
",0
219,"את בעצמך צריכה למחות. 
",1
220,"אז אחרי שהוא יסיים - - - אבל הוא לא דיבר על תומכי טרור עכשיו.
",0
221,"הוא לא דיבר על תומכי טרור עכשיו, מה יש לך? 
",1
222,"אבל הוא לא דיבר על תומכי טרור, איפה - - -
",0
223,"הוא אמר: ""תומכי טרור"" למה אתה אומרת שלא? 
",1
224,"אני אמרתי, את לא מקשיבה לי. אני אמרתי תומכי טרור. 
",1
225,"אוסאמה סעדי, הוא לא דיבר על אף אחד עכשיו באופן אישי. 
",0
226,"הוא דיבר על עב""מים? 
",0
227,"למה אתה צועק? יגיע תורך ותדבר. אל תיכנסו אחד לדבריו של השני. 
",1
228,"אוסאמה, למה אתה חושב שהוא התכוון אליך?
",0
229,"אני מגן על רע""מ. 
",0
230,"אוסאמה סעדי, אני קוראת אותך לסדר בפעם הראשונה. חבר הכנסת רוטמן, אני אגן על זכותך לדבר.
",0
231,"אני מעריך זאת. אני חייב לומר שהאחווה בין אוסאמה סעדי לבין וואליד טאהא מרשימה מאוד. 
",0
232,אני חשבתי שמי שיקפוץ להגנתו של חבר קואליציה תומך טרור תהיה דווקא חברת קואליציה ולא אתה. אבל אני רואה שאופוזיציה דואגת לקואליציה יותר ממה שהיא דואגת לעצמה. ,1
233,"אתה מבזבז מהזמן שלך. 
",1
234,"אני לא מבזבז מהזמן שלי, אני מדבר בדיוק מה שאני רוצה, אני יודע שזה מפתיע אותך. ",1
235,אני חשבתי שמי שיקפוץ להגנתו של חבר קואליציה תומך טרור תהיה דווקא חברת קואליציה ולא אתה. אבל אני רואה שאופוזיציה דואגת לקואליציה יותר ממה שהיא דואגת לעצמה. ,1
236,"זה הדבר שבספר משלי מרגיז מאוד אנשים, כך לפחות אמר החכם מכל אדם. מאחר ואתמול אנחנו דיברנו על שלמה המלך, מי האם האמיתית ומה האם הלא אמיתית. גם שם היה מדובר על אירוע שהרגיז את כל הארץ. אני הבנתי כתוצאה מ- ""עבד כי ימלוך"" שאנחנו חווים פה בשבועות האחרונים מדוע כולם כל כך מתרגזים. זה לא מצדיק כמובן תגובות קשות. 
",1
237,"מי העבד ומי המלך? בלי רמזים. 
",1
238,"נפתלי בנט זה העבד כי ימלוך. 
",1
239,"אני מבקשת לא להפריע, לא לתת פירושים. 
",0
240,"אנחנו עוזרים לו, זכותי לברר למה הוא מתכוון. 
",1
241,"לא, לא זכותך באמצע. חבר הכנסת מרגי, לא זכותך להפריע באמצע. 
",1
242,"בזמן שאדבר לא אדבר על מהות אלא על צורת הניהול שלך. 
",1
243,"אני אשמור שאף אחד לא ידבר בזמן שתדבר. שמחה רוטמן אמר שזה מפריע לו שנכנסים לדבריו וזה קוטע לו את רצף המחשבה. אני אשמור על זה.
",0
244,"אני מעריך את זה. מה שאני רוצה להודות כאן, מאחר שהמפלגה קיבלה בהתחלה שבעה מנדטים אז לכם מתאים: ""שלושה המה נפלאו ממני וארבעה לא ידעתים"", ביחד זה יוצא שבעה. חבר הכנסת מרגי ביקש הסבר. עבד כי ימלוך - - -
",0
245,"יש לך עוד 30 שניות. 
",0
246,"ב-30 שניות אני יודע להסביר מצוין. עבד כי ימלוך זה נפתלי בנט כמובן. נבל כי ישבע לחם זה ליברמן שאחראי על הלחם בממשלה. הוא האחראי והוא המשביר. שנואה כי תיבעל ושפחה כי תירש גבירתה, כדי לשמור על כבודם של הרבה מאוד אנשים אני אשאיר לכם. הדבר הזה מרגיש את הארץ ולא רק את מי שיושב בוועדה. 
",1
247,"שפחה כי תירש גבירתה זה עבאס. 
",1
248,"אתם מקבלים את התחושה הזאת בכל מקום, ברחובות, וגם בוועדה. 
",1
249,"איך זה להיות נבחרי ציבור כשאף אחד לא אוהב אתכם? 
",1
250,"תודה לחבר הכנסת רוטמן. חבר הכנסת אשר, בבקשה.
",0
251,"להיות נבחר ציבור כשאף אחד לא אוהב אותך, כולם שונאים אותך. 
",1
252,"לא להפריע, לא להפריע. חבר הכנסת יעקב אשר, בבקשה. 
",1
253,"אפשר לתפקד כנבחר ציבור כשאף אחד לא אוהב אותך?
",1
254,"אתה רואה? אנחנו מקבלים ים אהבה ברחוב וים אהבה מהעם.
",0
255,"אם עם ישראל טוב לו מימין ומשמאל אז אני מאושרת, קדימה. יעקב אשר, בבקשה, שתי דקות.
",0
256,"איך ההרגשה שמישהו מודד לך זמנים? אני רוצה לומר לנציגת משרד התחבורה - - -
",1
257,"תדבר בבקשה.
",0
258,"אני רוצה לדבר כשכולם שומעים. 
",0
259,"מה, הבאת בורקס מיפו? 
",0
260,"חברים, זה נראה לכם מתאים שם? איפה אתם חושבים שאתם נמצאים? חברת הכנסת אפרת רייטן, אני מאוד אוהבת אותך וזה לא לעניין.
",1
261,"היא מתנשאת עלייך. 
",1
262,"אני לא מתנשאת על אף אחד. 
",0
263,"אני מקבלת את זה באהבה. 
",0
264,"אתה רואה, ככה מתנהגים באהבה. 
",0
265,"את לא מראה שום דבר וזה מבטיח לך עתיד פוליטי קודר נכון לרגע זה. את לא בדרך הנכונה.
",1
266,"אל תדאג לי, אני אדאג לך, אני אדאג לעתיד הפוליטי שלך. 
",1
267,"את לא במסלול הנכון. 
",1
268,"חבר הכנסת יעקב אשר, בבקשה. 
",0
269,"אין לך מה לדאוג לעתיד הפוליטי שלי, זה רק מצביעי הליכוד יכולים לעשות.
",0
270,"בינתיים הוא לא בגד בבוחרים שלו, את לא צריכה לדאוג לו. 
",1
271,"גלית דיסטל, זה לא הזמן שלך לדבר, תודה. חבר הכנסת יעקב אשר, תודה. 
",0
272,"אני רוצה לומר לנציגת משרד התחבורה: את פשוט נקלעת למקום, יושבים פה אנשים סביב שולחן שישבו סביב הרבה שולחנות ואף פעם לא הרגישו את הצורה הזאת לא כשהם היו פה ולא כשהם היו כאן.
",0
273," שום דבר לא קשור אלייך, תעשי את עבודתך נאמנה, הכול בסדר. ",0
274,"גבירתי היושבת-ראש, בימים האחרונים אנחנו צריכים להרים את הקול ולצעוק. אני חושב שיש דבר שנקרא שפת גוף, שאולי את צריכה להבין בתור מחנכת, משהו פה לא עובד נכון גם ביחסים של קואליציה ואופוזיציה. קחי שנייה פסק זמן לעצמך ואני אשמח שתלכי למסיבה של הבן שלך. 
",0
275,"ויפה שעה אחת קודם. 
",0
276,"ברצינות, את פשוט מביאה אותנו למקומות שבהם לא היינו אף פעם אבל אם נצטרך, נהיה שם בגדול, גם אם זה לא תמיד מכובד, גם אם זה לא תמיד יפה. גם אם הנכד שלי אומר שהראו לו סרטון שמוציאים אותי החוצה והוא שואל: "" מה עושים לסבא""?
",1
277,"סיפרת לו מה סבא עושה?
",0
278,"תעשי מה שאת רוצה כדי לשבת על הכיסא, אנחנו לוקחים את זה בחשבון, אבל אני כן מציע, אני מתאר לעצמי שאת רוצה לבלות בבניין הזה הרבה שנים. 
",0
279,"בסייעתא דשמייא. 
",0
280,"יש פה חברויות, את נמצאת בקצה - - -
",1
281,"ונשמרתם לנפשותיכם זה גם משפט שכתוב. 
",0
282,"די.
",1
283,"את נמצאת בקצה של העניין הזה בחיוך ובשקט כביכול, אבל את על הקצה.",1
284,לא יכול להיות שיטרטרו אותנו בצום ונפנפו לנו בצום כדי להרגיע את מצפונינו. ,1
285,"לא יכול להיות שתעמדי על כך שנבוא ב-08:30 וכשאנחנו מגיעים – וזה בסדר, אם צריך נהיה גם ב-06:00 – אז כל חברייך מהקואליציה לא נמצאים פה ואת מתחילה לשנות את סדר היום.
",1
286," הוצאת אותנו מהבית בתקווה שאולי נגיע מאוחר ותצליחי לחטוף הצבעה – בחיוך, בדרכי נועם.",1
287,"ממש לא. יש לך 30 שניות. 
",1
288,"תני לדבר. 
",1
289,"את מפריע לי לדבר.
",1
290,"יש לך עוד 30 שניות. 
",0
291,"מה זה משנה אם יש לי 30 שניות. אז תעצרי אותי כל חמש שניות. 
",1
292,"- - - מה לעשות, שתי דקות לכל אחד. 
",0
293,"דרכי דרכי נעם – אני יודע – ושבת של שלום. 
",0
294,"את מתנהגת עם כלי מלחמה לא מקובלים שלא היו פה בבניין הזה.
",1
295,"חבר הכנסת אשר, תם זמנך. חבר הכנסת מרגי, בבקשה.
",0
296,"אבל לא תמו 30 השניות. 
",0
297,"חבר הכנסת מרגי, בבקשה.
",0
298,"הנה קיבלתם דוגמה חיה.
",0
299,"חבר הכנסת מרגי, בבקשה. 
",0
300,"- - - מתורבתים - - - לא באו מבני ברק - - -
",1
301,"בבקשה, שתי דקות. 
",0
302,"לא נותנת לדבר, דורסנות עם חיוך. 
",1
303,"חבל שאתה מדבר ככה, חבל שאתה מדבר ככה.
",0
304,"מה זה? את גומרת את הקריירה הפוליטית שלך מחר?
",1
305,"בבקשה, חבר הכנסת מרגי. 
",0
306,"תתביישי. 
",1
307,"בוקר טוב.
",0
308,"ניר, איפה היית? אנחנו באים בזמן ואתה לא בא בזמן? 
",1
309,"היה פה דיון, את לא היית בו. 
",1
310,"אני מבקשת לא להפריע - - -
",0
311,"חברים, סליחה, סליחה. אני מבקשת לעצור, עכשיו הזמן של חבר הכנסת יעקב מרגי, בבקשה. 
",1
312,"מיכל, את מפריע לי. 
",1
313,"חבר הכנסת מרגי, בבקשה. 
",0
314,"אני יכול להפריע לכל אחד עם הטונים שלי - - -
",1
315,"לא, את לא תפריעי לי. אני מנסה לדבר כבר ארבע דקות. 
",1
316,"בסדר, היא פשוט יצאה נגדי - - -
",0
317,"תקשיבו, המחזות פה - - -
",1
318,"די, תנו לו לדבר.
",1
319,"המחזות כאן עוברים כל גבול. 
",1
320,"אתה רוצה? זה יהפוך אותך לימני.
",0
321,אני רציתי לכתוב לך אמש ואני חושב שטוב עשיתי שלא כתבי.,0
322,"לחשוב על אדם דתי – עזבי י""ז בתמוז, לא השתמשתי בזה – אדם דתי שצריך לקום בבוקר, ללכת לבית הכנסת, לנסוע שעה וחצי אם אין פקקים, ולהגיע לפה ב-08:30.",0
323, לא כתבתי כי אין לי ציפיות. עשיתם מעשה שלא ייעשה. ,1
324,"לא שמעת לאנשים, הבאת אותנו ב-08:30 על מנת להצביע. 
",1
325,"לא, נקראתם על מנת לערוך דיון. 
",0
326,"אל תחלקי עלי, זו דעתי. עשית זאת על מנת לעשות מחטף בהצבעה. אנשי הקואליציה לא הגיעו אז אין הצבעה. זה קורה כבר בפעם השנייה או השלישית לגבי אותו הסעיף. 
",1
327,"נושא אחר: אתמול הערת לי ועניתי לך, לא שמת לב, הבוקר חזרת על אותה הטעות. חבר כנסת יכול להגיע לוועדה מתי שהוא רוצה.
",0
328,"נכון.
",0
329,"זה מבזה אותך ואותו כשאת אומרת לו: ""איחרת"". 
",1
330,"אבל אם הוא מגיע מאוחר אז שלא ישאל באמצע - - -
",0
331,"למה את מפריעה לו. 
",1
332,"אל תפריעו לי, גם את אל תפריעי לי. תקבלי או לא תקבלי - - -
",1
333,"למה אתה צועק, חבר הכנסת אשר, למה אתה צועק, מה זה הסגנון הזה? 
",1
334,"למה את מפריע לו לדבר?
",1
335,"תנמיכו את הקול שלכם.
",1
336,"את לא מפסיקה ללחוש. 
",1
337,"את לא מפסיקה לדבר תוך כדי שחברי כנסת מדברים. תני כבוד לחברי כנסת שמדברים.
",1
338,"תקבלי או לא תקבלי – אני אומר את דעתי. 
",1
339,"אל תחנכי אותי, אל תגידי לי איך לדבר.
",1
340,"דבר נוסף: אני מקווה, אדם מן השורה, כשיש מצב משברי הוא שואל למה זה קרה.",0
341, ועדה מסדרת היא ועדה זמנית שאמורה לקבוע את סדרי המינהל בתקופת ביניים בכנסת. ,0
342,"עוד שבוע יש ועדות קבועות. תהיה גם ועדת כנסת שהאופי שלה הוא שונה, ואז לא היינו נתקלים במצב שעובד ציבור נחשף פה למצבים לא נעימים.
",0
343,יש כאן סריה של חוקים ואני חושב שהיה נכון לחכות עוד שבוע. ,0
344,"מיכל, אם היו מתנהגים אלייך ככה היית צורחת, איך היית צורחת. 
",1
345,"גבירתי, אל תפריעי לי.
",1
346,"הוא מדבר והיא בטלפון. 
",1
347,"אבל יעקב מפריע לך, לא היא. 
",1
348,"אל תפריעו לחבר הכנסת מרגי.
",0
349,משפט סיכום: אל תתפלאו כשהטונים יהיו גבוהים.,1
350,אני לא מתרגש מהטפת מוסר או רגישות מוסרית. ,1
351,שנה שלמה ראיתי איך הערכים התחבאו בבויידם כשהיה מדובר בקבוצות אחרות.,1
352,"איני מתרגש מהערות על סגנון, זו ועדה מסדרת שבה משתלחים – בכבוד כמובן – אחד בשני על דרך הניהול של קואליציה מול אופוזיציה.",0
353,"אני לא אתרגש משום הטפת מוסר. כמו שמנהלת הדיון לא מכבד חבר כנסת כך הוא יכול לא לכבד אותה. 
",1
354,"תודה לחבר הכנסת יעקב מרגי, חבר הכנסת דוד ביטן, בבקשה. 
",0
355,"מרגי, ""להשתלח בכבוד"" זה אוקסימורון. 
",0
356,"""אוקסימורון"" זה מושג של דינה זילבר, את לא יכולה להשתמש בזה.
",0
357,"חבר הכנסת ביטן, בבקשה. 
",0
358,"חכה, היא בטלפון. 
",1
359,"בבקשה, כן. 
",0
360,"אני מציעה שאף אחד לא ידבר עד שהיא מפסיקה עם הטלפון. 
",1
361,"זה חייב להיות נוהל – כשאת בטלפון עוצרים את הדיון. 
",0
362,"אף אחד לא יחנך אותי, מיקי. 
",1
363,"חבר הכנסת רוטמן, אתה מפריע לחבר שלך. 
",1
364,"אני ממשיך את מה שמרגי אמר. בדרך כלל הנושא הזה של פטור מחובת הנחה דרך ועדת כנסת זה נעשה במקרים מאוד חריגים. תמיד ממתינים 45 ימים, אני לא מדבר על בקשות הממשלה שמביאים ביום שני על מנת להעלות אותם ביום שני. 
",0
365,"מה שנעשה פה, אפשר להמתין עם זה, למה צריכים לדון בכל כך הרבה סעיפים של פטור מחובת הנחה על הצעות פרטיות כשבעצם הם צריכים להמתין 45 ימים.",0
366,"בזמן שמעכבים חקיקה פרטית. 
",0
367,"הרוב זה חגיגה פרטית. אנחנו, מה שהיה נהוג בכנסת, ואני מקווה שאת זה לא תשנו, זה שיושב-ראש ועדת הכנסת נותן פטור מחובת הנחה אחד לאופוזיציה ופטור אחד לקואליציה. אין צורך בזה וכל סדר היום הזה הוא מיותר. אני מציע שהיועצת המשפטית תתייחס לנושא הזה.
",1
368,"אין מדובר בהצעות חוק פרטיות, דוד ביטן.
",1
369,"ממש לא, הן כולן - - - 
",1
370,"הממשלה לא ראויה לסעד מהכנסת כשהיא לא נותנת לה לחוקק. 
",1
371,"כשאמרנו שלא יעלו הצעות חוק פרטיות – התכוונו לקואליציה ולאופוזיציה. אין אחד ואחד. 
",0
372,"גם לעניים וגם לעשירים - - -
",0
373,"למה שאוותר על זכותי, תוותרי על זכותך את. 
",1
374,"זה שוויון.
",0
375,"- - - הצעות חוק ממשלתיות. 
",0
376,"זכות חוקתית לחוקק אתם מונעים. 
",0
377,"הכול זה הצעות חוק ממשלתיות.
",0
378,"אם מדובר רק הצעות חוק ממשלתיות אז זה עוד יותר גרוע, מכיוון שאין שום היגיון שכל כך הרבה הצעות חוק, בדרך כלל נהוג שאחד או שניים.
",0
379,"לכל החוקים יש פקיעת תוקף ב-6 ביולי. 
",0
380,"לא נכון, למה אתה אומרת משהו שהוא לא נכון לפרוטוקול? 
",0
381,"שני סגנים לראש הממשלה החליפי המיותר, זה פג תוקף.
",0
382,"יש לי הפתעה בשבילך. 
",0
383,"למה את אומרת דברים לא נכונים לפרוטוקול? 
",1
384,"יש לי הפתעה בשבילך, יש לי הפתעה בשבילך. 
",0
385,"מילא לשקר לבוחרים, אבל למה לשקר לפרוטוקול?
",1
386,"אני רוצה לשמוע את חבר הכנסת ביטן. 
",0
387,"בהצעות חוק ממשלתיות כל הסיפור זה עניין של יום אחד.
",0
388,"נכון.
",0
389,"רגע, רגע, תני לי רגע. 
",0
390,"די, אתה מפריע לי כל הזמן, בחייאת דינק, אתה יושב לי על האוזן. בחייך, מספיק כבר. גם הצעות חוק ממשלתיות יש דיון ביום שלישי. יכולתם להעביר את כולן ליום שלישי בלי פטור מחובת הנחה.. 
",1
391,"נכון, יש לנו עוד, ביום שלישי יש לנו עוד. 
",0
392,"כל הדיון הזה היה מיותר. אני מבקש שתגידי לה את זה, ארבל. 
",1
393,"יומיים, רביעי. 
",0
394,"יומיים, אז ביום רביעי. 
",0
395,"יש לנו גם לשם, אל תדאג. 
",0
396,"לא יכול להיות דבר כזה שאת תקראי לנו ב-08:30, אנחנו לא עובדים אצל הממשלה היום. את יודעת, עבדנו אצל הממשלה בקדנציה הקודמת.
",1
397,"עקרון הפרדת הרשויות. 
",0
398,"אף אחד לא חייב לעבוד בכלל, מי שלא רוצה לא חייב להיות כאן, הכול בסדר.
",1
399,"היי, היי, היי, עידית.
",0
400,"את משדרת ניתוק.
",1
401,"מה נסגר איתך. 
",1
402,"מה זה: ""אתה לא עובד אצל הממשלה""? 
",1
403,"את משדרת ניתוק ממה שאומרים לך. 
",1
404,"מה זה: ""אף אחד לא חייב להיות כאן""? את באלפים? 
",1
405,"אין מה לעשות, מה זה: ""אתה לא עובד אצל הממשלה""? יש פה נושאים לדיון על סדר היום והזמנו את נציגי המשרדים כדי - - -
",1
406,"האנשים הוזמנו כדי לנדון בנושאים שעל סדר היום.
",0
407,"ולא מתייחסים אליהם. 
",1
408,"מי שמרגיש שזה כבד עליו אז לא חייב, הוא יכול להגיע מאוחר יותר, התחלנו דיון מוקדם. 
",0
409,"אני מציע לך. 
",0
410,"""אנחנו לא חייבים להיות פה"" - - -
",1
411,"חבר הכנסת דוד ביטן, עבר לך הזמן. 
",0
412,"אני מציע לך, את כל הזמן נכנסת לדברים של מי שמדבר, כל הזמן. אני אומר מה שאני אומר, אם את רוצה לענות לי אז תעני לי אחר כך. את לא יכולה כל פעם להיכנס לדברים של חברי הכנסת. את בעצם לא נותנת להם לדבר, את לא נותנת להם לדבר. 
",1
413,"נכון.
",0
414,"דבר שני, אנחנו מגיעים ב-08:30 ורק שני נציגי הממשלה נמצאים. איזה מן דבר זה? ככה אתם עובדי ממשלה, כשאתם לא מגיעים לדיון. 
",1
415,"תודה לחבר הכנסת ביטן. 
",0
416,"גם הדרג המקצועי, אמרו לי לא להגיד פקידים. גם הדרג המקצועי - - -
",0
417,"פקידים זה מזלזל, בנות זה מזלזל, - - - זה מזלזל - - -
",1
418,"איזה מן דבר זה?
",1
419,"אני פה בזמן. 
",0
420,"את הצדיקה היחידה בעניין הזה. 
",0
421,"חבר הכנסת סעדי, בבקשה. 
",0
422,"חוה, את תמיד הגעת בזמן, גם בקדנציות - - -
",0
423,"גם כשהייתה ממשלה נורמלית היית מגיעה מוקדם.
",0
424,"גבירתי היושבת-ראש, חבריי חברי הכנסת, גם אני מצטרף לביקורת על התרגיל המסריח עוד פעם. 
",1
425,"תקשיבי.
",0
426,"אתמול נעשה תרגיל כזה והיום - - -
",1
427,"אל תדבר עד שהיא תקשיב. 
",0
428,"אולי תשתכנעי. 
",0
429,"אוסאמה סעדי, בבקשה. 
",0
430,"אתמול היה תרגיל מסריח כזה והיום עוד פעם. אתם אמרתם שאתם - - -
",1
431,"גם אני חוטף נאצות. 
",1
432,"שאני אגיד מה אני חטפתי? 
",0
433,"מרגי, אתה מפריע לי. 
",1
434,"מישהו הדליק אותי פה. 
",1
435,"יש אחד שחוטף ואחד שפחות? שיכול לספוג?
",1
436,"נדב ארגמן התעורר רק בצד אחד, הוא ישן רק על צד שמאל. 
",1
437,"למה צעקות שם, למה צעקות?
",1
438,"לא רק הוא חוטף, גם אני חטפתי. 
",1
439,"אבל אוסמה סעדי מדבר. 
",0
440,"אף אחד לא מתרגש. 
",0
441,"מה קרה?
",0
442,"הנה, אני מגינה עלייך. 
",0
443,"חבר הכנסת אוסאמה סעדי מדבר. 
",0
444,"- - - קיבל איומים ואמרו לו להתקשר 100 בטלפון . 
",1
445,"אני מתנצלת, יש לנו הרבה נושאים על סדר היום, אין לי זמן לגנון הזה. 
",1
446,"רצו לתקוף אותי, הוא היה אתמול במיון. 
",1
447,"אתם לא תפריעו לחברים שלכם. 
",1
448,"אף אחד לא מדבר על זה. 
",0
449,"כולם רוצים לדבר. חלאס, כן. 
",1
450,"דוד, הבורקס הזה לא נגמר? 
",0
451,"אתם אמרתם, ראש הממשלה אמר - - -
",1
452,"מי שלא חוטף לא קיים, אתם לא יודעים? 
",0
453,"די - - - 
",1
454,"ראש הממשלה אמר שלא יהיו טריקים ולא שטיקים.
",0
455,"אה, אוסאמה, אני נותן לך לדבר.
",0
456,"תודה, תודה ביטן שאתה נותן לי לדבר.
",0
457,"מאה אחוז. 
",0
458,"אתם מתנהגים עם טריקים ועם שטיקים. 
",1
459,"תסתכל עליה. המצלמה חושבת - - -
",1
